"orderid","employeeid","timeofdelivery","specialrequest","adress"
387,336,"15:14:00","orci","48 South Place"
308,61,"14:41:00","in lacus curabitur","230 Esch Alley"
289,64,"18:49:00","ornare imperdiet sapien urna pretium","0578 Rieder Parkway"
479,107,"18:48:00","ut","9 2nd Hill"
342,412,"17:53:00","hac habitasse platea dictumst aliquam","423 Alpine Circle"
191,495,"03:50:00","pulvinar nulla","7489 Fremont Parkway"
146,526,"04:15:00","suspendisse potenti nullam","3802 Portage Place"
308,140,"01:52:00","tristique tortor","13233 Delaware Court"
373,97,"03:51:00","id turpis integer aliquet","6 Briar Crest Terrace"
85,395,"22:45:00","est quam pharetra magna","32 Summerview Park"
450,249,"21:34:00","vel","69 Gina Hill"
429,170,"02:15:00","tristique tortor eu pede","2374 Upham Junction"
190,465,"18:42:00","ante","75 Acker Point"
333,452,"01:17:00","faucibus cursus urna ut tellus","6243 Vernon Drive"
225,161,"21:42:00","habitasse platea dictumst aliquam augue","6183 Butternut Crossing"
80,514,"12:09:00","mi sit amet lobortis","9 Kenwood Way"
50,393,"05:33:00","phasellus in felis","9 Browning Way"
106,247,"02:49:00","feugiat non pretium quis lectus","6751 Scott Junction"
157,458,"10:32:00","mauris viverra diam vitae","6505 Katie Junction"
184,463,"00:32:00","semper","1547 Troy Center"
167,519,"13:09:00","nulla","3 Sundown Center"
93,302,"09:34:00","nulla dapibus dolor","5 Kedzie Court"
231,371,"03:16:00","nec euismod scelerisque","62 American Ash Parkway"
388,240,"13:35:00","tellus nulla ut erat id","59040 Ridgeway Point"
273,147,"19:42:00","semper porta volutpat quam pede","50952 Merry Drive"
409,525,"05:55:00","nisl duis bibendum felis","93371 Superior Place"
81,526,"18:50:00","interdum mauris non ligula","6 Carey Terrace"
174,524,"01:12:00","at nulla suspendisse","36588 Little Fleur Street"
8,474,"01:40:00","dictumst etiam","26 Kenwood Crossing"
92,264,"19:03:00","arcu sed augue aliquam","709 Spohn Trail"
483,301,"15:03:00","nascetur ridiculus","7599 Riverside Crossing"
157,307,"19:40:00","id lobortis","6 Heath Crossing"
443,176,"19:13:00","aliquam erat volutpat in congue","44054 Birchwood Lane"
261,454,"08:47:00","ut","9 Westport Road"
39,302,"06:22:00","lectus vestibulum quam","49936 Jenifer Trail"
25,185,"20:27:00","pede justo lacinia","8 Warrior Trail"
30,288,"01:08:00","eget rutrum at lorem","4627 Scoville Avenue"
426,393,"08:11:00","mauris eget massa tempor convallis","99247 Green Ridge Parkway"
74,249,"01:46:00","massa id","004 Darwin Center"
313,160,"15:31:00","scelerisque quam","02528 Maple Wood Plaza"
9,227,"12:49:00","vel ipsum praesent blandit","79 Dryden Park"
184,102,"11:58:00","quam nec dui luctus rutrum","9790 Longview Road"
220,224,"04:37:00","vestibulum ante","572 Dawn Avenue"
444,402,"11:00:00","odio in hac","65 Raven Way"
219,274,"13:18:00","odio in","2124 Homewood Avenue"
254,252,"23:15:00","nulla ut erat id","7 Nancy Court"
342,76,"15:34:00","est","8804 Sunnyside Center"
143,418,"19:23:00","sit amet consectetuer","41 Spohn Pass"
332,368,"05:02:00","enim leo rhoncus sed","73474 Canary Way"
222,271,"13:55:00","rhoncus mauris enim","0 Forster Hill"
1,533,"16:40:00","et","97974 6th Circle"
68,98,"04:07:00","duis mattis egestas metus","619 Dahle Avenue"
73,49,"09:26:00","nam nulla integer pede","08 Pleasure Lane"
498,397,"05:46:00","justo eu massa donec","86 Mccormick Street"
190,62,"22:45:00","eu orci mauris lacinia","77 Haas Parkway"
311,281,"05:44:00","augue","3263 Mariners Cove Road"
247,147,"03:08:00","lectus suspendisse potenti in","52877 Brown Court"
11,87,"05:23:00","ut","172 Roth Place"
30,428,"19:28:00","nam dui proin leo","3066 Anthes Avenue"
60,260,"13:06:00","ipsum aliquam non mauris","241 Ridgeview Circle"
477,142,"16:49:00","commodo vulputate justo in","09566 Sunnyside Circle"
362,178,"02:36:00","bibendum imperdiet","97564 Cordelia Plaza"
175,101,"05:27:00","nulla","28 Columbus Park"
100,35,"15:06:00","metus sapien ut","95307 Washington Drive"
57,472,"22:37:00","aliquam lacus morbi quis tortor","65950 Towne Junction"
208,145,"16:47:00","id nulla ultrices aliquet","9328 Charing Cross Crossing"
177,206,"22:47:00","eleifend donec ut","708 Weeping Birch Point"
237,476,"16:20:00","nisi vulputate","6681 Weeping Birch Lane"
115,473,"05:10:00","pellentesque eget nunc donec quis","40 Transport Trail"
290,426,"00:33:00","sit amet","4100 Cardinal Circle"
240,243,"11:39:00","ultrices","651 Crowley Court"
376,41,"15:08:00","nunc rhoncus","1 Kedzie Terrace"
33,274,"05:23:00","elit sodales scelerisque mauris","10301 Scoville Way"
330,272,"20:23:00","erat curabitur","14868 Everett Plaza"
190,89,"04:30:00","dictumst aliquam augue","11061 Doe Crossing Place"
19,251,"13:17:00","molestie lorem quisque ut","69870 Tennessee Plaza"
48,317,"10:40:00","dui","2 Chive Center"
188,302,"19:00:00","ac nibh fusce lacus","6711 Columbus Parkway"
204,235,"05:00:00","tincidunt","0060 Southridge Court"
99,204,"02:35:00","ac enim in","887 Sachs Way"
483,424,"03:24:00","ligula pellentesque","6295 Sommers Circle"
442,302,"02:40:00","semper sapien a libero","09 Montana Parkway"
442,346,"11:23:00","erat quisque","724 Forest Run Court"
204,216,"12:10:00","elementum in hac","6615 Stone Corner Trail"
61,104,"00:46:00","quam","44 Morrow Road"
395,430,"03:29:00","posuere","49659 Haas Junction"
220,496,"16:18:00","justo","21 Washington Lane"
45,350,"18:53:00","volutpat","89633 Roth Trail"
382,508,"18:37:00","quis lectus suspendisse potenti","157 Warner Avenue"
467,505,"19:11:00","sed justo","0751 Lukken Pass"
430,405,"08:05:00","in","89851 Lien Circle"
430,120,"11:20:00","curabitur gravida nisi","685 Bonner Way"
328,475,"21:42:00","non ligula pellentesque ultrices","354 Main Point"
43,54,"09:28:00","magna","63 Lukken Center"
348,344,"14:28:00","consequat","2191 Oak Valley Lane"
200,41,"08:25:00","ultrices phasellus","544 Stone Corner Lane"
394,363,"08:59:00","a nibh in quis justo","61311 Hintze Alley"
140,108,"12:55:00","venenatis tristique fusce congue diam","24 Express Parkway"
203,123,"17:21:00","tincidunt lacus at velit vivamus","76070 Westport Center"
436,327,"02:03:00","sollicitudin vitae consectetuer","60196 Eggendart Pass"
169,94,"03:46:00","augue aliquam","89 American Parkway"
472,218,"04:21:00","mauris enim","608 Garrison Road"
411,195,"15:21:00","ultrices erat tortor sollicitudin mi","034 Colorado Lane"
422,283,"13:09:00","posuere cubilia","54669 Bartillon Plaza"
341,290,"16:27:00","cursus vestibulum","79310 Brentwood Road"
396,228,"10:18:00","duis","89 Macpherson Crossing"
400,226,"07:58:00","volutpat erat quisque erat eros","72428 Sage Street"
339,325,"04:00:00","erat fermentum justo nec condimentum","226 Almo Place"
25,203,"09:46:00","vivamus metus arcu adipiscing molestie","5 Independence Street"
58,37,"14:14:00","tincidunt ante vel","01 Towne Center"
359,158,"03:02:00","in leo maecenas pulvinar lobortis","7451 Gateway Lane"
422,154,"16:45:00","arcu adipiscing molestie hendrerit at","03 Thompson Terrace"
450,243,"06:15:00","lorem id ligula suspendisse","8 Oakridge Terrace"
45,115,"00:27:00","laoreet","60280 Melvin Terrace"
33,197,"17:03:00","at lorem integer tincidunt ante","37 Novick Center"
371,63,"15:51:00","lorem ipsum dolor sit amet","8 Briar Crest Point"
110,226,"02:36:00","eros viverra eget congue","5598 Marcy Road"
379,363,"12:35:00","quis","3674 7th Parkway"
27,354,"01:45:00","augue","9896 Mayfield Center"
225,77,"07:26:00","blandit nam nulla integer pede","32127 Gulseth Pass"
423,493,"00:40:00","pede","7027 Fieldstone Crossing"
164,61,"15:50:00","non","2 Kenwood Park"
171,423,"08:45:00","pede ac","3664 Schiller Court"
266,185,"04:37:00","ac est lacinia nisi","62 Alpine Parkway"
95,72,"02:35:00","viverra dapibus nulla suscipit ligula","1071 Moland Plaza"
120,444,"22:32:00","sapien varius ut blandit","40002 Sunbrook Court"
147,534,"02:49:00","odio odio elementum","9 Loomis Alley"
448,430,"20:00:00","pellentesque","95 Fulton Court"
162,479,"04:39:00","est donec odio justo","105 Dunning Pass"
276,337,"07:47:00","felis donec semper sapien a","26508 Swallow Parkway"
231,434,"16:46:00","blandit","37870 3rd Crossing"
158,92,"11:48:00","a libero nam dui","6 Lukken Road"
42,57,"19:12:00","cubilia curae","01 Dottie Avenue"
441,398,"23:01:00","convallis morbi","3431 1st Crossing"
79,152,"14:32:00","nisl","13534 Dixon Crossing"
103,96,"01:45:00","metus aenean fermentum","05028 Randy Plaza"
479,408,"23:04:00","lorem vitae mattis nibh ligula","9470 Clarendon Circle"
482,308,"20:59:00","volutpat quam pede lobortis","978 Rusk Pass"
488,529,"11:55:00","nibh quisque","32 Mcbride Road"
15,222,"07:55:00","quisque","059 Graceland Park"
251,349,"11:58:00","morbi odio","714 Norway Maple Crossing"
165,87,"14:26:00","posuere felis sed lacus morbi","5 Kipling Plaza"
80,368,"06:42:00","auctor gravida","2 Tony Crossing"
89,37,"10:54:00","nunc","236 Northridge Court"
10,112,"22:32:00","vitae","516 Golf View Hill"
482,519,"22:11:00","sem duis","75 Schmedeman Junction"
94,500,"10:50:00","porttitor lorem id ligula","902 Shasta Place"
91,192,"04:28:00","est","106 Oak Street"
145,413,"10:33:00","sit amet sapien dignissim vestibulum","0 Messerschmidt Lane"
145,283,"22:12:00","quis libero","5712 Cascade Center"
246,354,"00:14:00","elit ac nulla sed vel","25 Veith Center"
189,183,"12:36:00","interdum eu tincidunt in","6 North Junction"
314,322,"02:15:00","quis lectus suspendisse potenti in","774 Eliot Trail"
324,525,"00:14:00","amet nulla quisque arcu","42 Melody Avenue"
489,488,"17:40:00","enim leo rhoncus sed","8 Bultman Plaza"
67,260,"10:31:00","amet nunc viverra dapibus","24734 Mccormick Plaza"
24,84,"05:34:00","ultrices","351 Crescent Oaks Lane"
81,354,"16:21:00","odio justo sollicitudin ut suscipit","33501 Killdeer Trail"
44,367,"13:44:00","pulvinar","28006 Shopko Crossing"
417,497,"16:54:00","sapien urna pretium nisl","057 Stuart Center"
82,353,"15:37:00","vehicula condimentum","25 Green Circle"
225,493,"14:08:00","cubilia curae mauris viverra diam","2165 Vidon Plaza"
273,310,"18:05:00","aliquam convallis","33 Pawling Center"
493,41,"08:07:00","consequat metus sapien","82878 Melvin Road"
146,186,"19:04:00","at","31599 Pond Pass"
348,256,"08:20:00","montes nascetur ridiculus","1417 Pierstorff Circle"
100,339,"08:24:00","massa","80315 Union Circle"
148,329,"17:59:00","ultrices aliquet","06 Lakeland Court"
339,374,"08:17:00","mus etiam vel augue vestibulum","96030 5th Plaza"
397,132,"10:33:00","eleifend luctus ultricies eu","539 Grasskamp Parkway"
219,291,"06:35:00","sit amet","6314 Grasskamp Junction"
83,364,"00:58:00","dui vel nisl duis","7642 Rutledge Plaza"
57,444,"08:24:00","quam pede lobortis ligula","16533 Dennis Hill"
272,144,"21:53:00","sit amet lobortis sapien sapien","4194 Morningstar Parkway"
325,125,"03:17:00","nec nisi volutpat eleifend","74 Meadow Ridge Parkway"
65,97,"13:44:00","posuere felis","3719 Green Place"
211,229,"12:52:00","varius nulla","38 Marcy Point"
222,530,"06:19:00","dolor quis odio consequat varius","5541 Oak Valley Circle"
230,219,"17:48:00","ut suscipit a feugiat et","9 Twin Pines Plaza"
35,95,"01:22:00","maecenas ut massa","525 Stoughton Junction"
163,512,"19:17:00","tortor risus dapibus augue","62847 Spohn Drive"
333,256,"22:17:00","orci","73 Kipling Circle"
471,171,"13:41:00","nulla quisque","75236 Morrow Terrace"
391,99,"16:26:00","vel ipsum praesent blandit lacinia","2 Village Terrace"
245,167,"22:03:00","tincidunt eget","3889 Fisk Hill"
220,420,"00:32:00","orci mauris lacinia sapien","44 Badeau Crossing"
325,402,"20:14:00","penatibus","87884 Hovde Avenue"
266,376,"00:33:00","purus eu magna vulputate","31 Bluejay Hill"
250,128,"15:09:00","nulla","43465 Ridge Oak Avenue"
79,320,"06:14:00","nullam sit","8 Birchwood Lane"
339,107,"09:15:00","felis","3066 Buena Vista Drive"
435,233,"02:14:00","varius","1 Talmadge Drive"
343,273,"00:06:00","sapien dignissim vestibulum vestibulum","44677 Corben Avenue"
241,161,"10:29:00","odio","38 Northview Lane"
285,337,"18:59:00","porttitor","62552 Heath Court"
338,459,"09:38:00","at diam","60944 Michigan Junction"
495,487,"14:10:00","risus","5 Kennedy Center"
127,439,"17:41:00","egestas metus","96274 Muir Center"
402,470,"07:47:00","eleifend donec","6758 Gerald Terrace"
68,215,"09:20:00","augue","17410 Memorial Point"
335,441,"04:09:00","a odio","955 Corben Street"
470,166,"10:56:00","nulla neque libero convallis","69998 Lakewood Gardens Pass"
83,126,"13:32:00","est phasellus","256 Northfield Hill"
421,326,"17:35:00","in","05 Anniversary Park"
178,84,"16:02:00","pharetra","32 Village Court"
495,176,"02:13:00","tincidunt eget tempus","3912 Hanover Circle"
437,380,"11:03:00","leo pellentesque ultrices","788 Hansons Lane"
203,468,"10:10:00","nisi at nibh in","73 Starling Hill"
49,446,"01:39:00","nunc commodo placerat praesent","14096 Lerdahl Alley"
52,481,"20:23:00","mus etiam vel augue","2 Macpherson Court"
267,453,"15:31:00","augue vestibulum rutrum rutrum","9899 Summer Ridge Court"
107,492,"02:34:00","augue","230 Londonderry Terrace"
212,299,"03:26:00","risus semper porta","30 Mitchell Way"
190,201,"04:58:00","feugiat et eros","42 Artisan Street"
124,230,"03:52:00","odio curabitur convallis","414 Onsgard Way"
330,223,"09:39:00","nisi","66451 Hoepker Avenue"
126,132,"01:52:00","ut mauris eget massa tempor","1587 Bay Plaza"
298,333,"01:23:00","imperdiet nullam","6883 Hudson Parkway"
467,175,"14:05:00","platea dictumst etiam faucibus cursus","248 Johnson Trail"
84,315,"15:12:00","justo pellentesque viverra pede ac","172 Kensington Street"
275,486,"18:50:00","enim in tempor turpis","760 American Parkway"
183,308,"03:23:00","ipsum primis","24109 Twin Pines Point"
318,149,"01:01:00","sit amet consectetuer adipiscing","5299 Holmberg Terrace"
362,439,"02:00:00","at","90169 Kropf Pass"
3,378,"09:32:00","lacus at turpis","3553 Green Circle"
263,497,"17:07:00","lorem vitae","68602 Colorado Court"
398,420,"20:14:00","libero nam","650 Huxley Way"
145,435,"01:01:00","ac enim in tempor","6359 Duke Place"
18,294,"07:19:00","ante vivamus tortor duis mattis","5 Dayton Crossing"
345,287,"01:25:00","nulla sed accumsan felis","237 Morning Pass"
471,354,"12:48:00","duis","796 Victoria Circle"
432,463,"23:34:00","tempus sit amet sem fusce","87 Prairie Rose Hill"
190,103,"13:53:00","semper","23327 Warbler Park"
226,415,"06:13:00","quisque id justo sit amet","5 Swallow Court"
376,208,"13:20:00","massa quis augue luctus","5 Hintze Place"
409,194,"12:19:00","in felis donec semper sapien","5431 American Point"
164,422,"05:14:00","non velit nec nisi vulputate","518 Welch Circle"
92,92,"04:10:00","posuere cubilia","0 Messerschmidt Lane"
120,464,"08:52:00","varius ut blandit non","4 Ridgeway Alley"
31,162,"06:57:00","potenti nullam porttitor lacus","9486 Vernon Pass"
490,63,"12:58:00","luctus et ultrices posuere cubilia","4 Sutteridge Pass"
349,88,"11:09:00","porttitor lorem id ligula suspendisse","04339 Scofield Street"
118,394,"15:44:00","augue luctus","30 Vera Court"
27,431,"10:08:00","morbi a ipsum","7 Sherman Parkway"
284,483,"01:06:00","phasellus sit amet","9 Memorial Avenue"
294,261,"03:28:00","ut erat id mauris","9389 Dapin Parkway"
81,531,"08:24:00","accumsan tortor","33 Transport Circle"
425,403,"10:43:00","mollis molestie lorem","8 Randy Alley"
499,520,"12:57:00","ut","1 Hansons Parkway"
357,48,"13:21:00","lobortis est phasellus sit amet","83 Linden Terrace"
400,183,"02:10:00","convallis eget eleifend luctus","2 Dwight Circle"
2,154,"03:32:00","sed justo pellentesque viverra pede","348 Kim Hill"
267,200,"18:58:00","sapien ut nunc","00 American Ash Park"
500,160,"11:32:00","dictumst maecenas ut massa","64 American Ash Terrace"
8,517,"21:35:00","pulvinar lobortis est phasellus","49 Delladonna Alley"
456,454,"09:49:00","elementum nullam varius","6 Hermina Point"
311,188,"20:07:00","convallis eget eleifend luctus","713 Roxbury Avenue"
174,523,"10:42:00","ultrices phasellus id sapien","1 Meadow Valley Park"
209,99,"02:07:00","risus semper porta volutpat","509 Farragut Parkway"
498,532,"01:49:00","donec","182 Bunker Hill Pass"
118,165,"01:17:00","justo","89 Coleman Way"
377,392,"06:51:00","pede","44 Kennedy Road"
23,291,"00:21:00","integer tincidunt ante vel","4 Shoshone Trail"
61,382,"06:09:00","vel lectus in quam fringilla","1266 Springs Point"
55,515,"14:27:00","in congue etiam","38 Hoepker Court"
17,276,"13:21:00","vestibulum proin eu mi","5 Scofield Lane"
415,394,"13:53:00","posuere cubilia","2 Di Loreto Park"
26,414,"20:23:00","odio odio","7436 Evergreen Place"
465,517,"21:10:00","porttitor lorem id ligula suspendisse","3873 Algoma Parkway"
361,281,"10:00:00","massa quis augue luctus","493 Prentice Pass"
1,453,"11:38:00","a pede posuere nonummy","0 Graedel Avenue"
213,293,"10:19:00","pharetra magna vestibulum aliquet ultrices","07 Lakewood Gardens Avenue"
384,365,"21:48:00","donec ut dolor","25 Manley Center"
430,218,"22:28:00","vestibulum eget vulputate ut ultrices","676 Autumn Leaf Circle"
125,155,"22:30:00","bibendum felis","9587 Ruskin Street"
133,445,"20:22:00","interdum eu","2 Manufacturers Circle"
150,423,"05:37:00","aenean lectus pellentesque","4 Buena Vista Road"
312,308,"20:46:00","duis at velit eu est","38675 Kings Trail"
27,49,"16:54:00","eu orci mauris lacinia sapien","94642 Cambridge Avenue"
303,94,"08:20:00","non lectus","41732 Prairieview Trail"
120,225,"09:47:00","vestibulum proin eu mi","43869 Eggendart Center"
435,157,"03:57:00","et tempus","93643 Lighthouse Bay Alley"
414,513,"05:55:00","viverra dapibus nulla suscipit","0003 Stang Plaza"
174,518,"21:37:00","consequat in consequat ut","4 Homewood Avenue"
77,293,"04:07:00","odio justo sollicitudin","5095 Bobwhite Center"
70,331,"23:57:00","pharetra magna ac consequat","9 Sutherland Street"
56,122,"16:23:00","consequat in consequat ut nulla","456 Luster Avenue"
64,206,"06:44:00","erat id mauris","70 School Junction"
168,216,"03:19:00","venenatis non","3168 Meadow Ridge Place"
180,509,"12:27:00","erat eros","671 Debra Alley"
219,52,"05:31:00","et ultrices posuere","98763 Carberry Place"
209,416,"10:46:00","vulputate justo in","41567 Claremont Alley"
432,340,"13:58:00","orci luctus et ultrices posuere","415 Independence Street"
172,113,"05:33:00","turpis","2883 Pepper Wood Court"
79,464,"16:19:00","tellus nisi eu orci mauris","38 Gerald Alley"
240,133,"05:43:00","mauris ullamcorper purus sit amet","4 Twin Pines Way"
236,122,"09:52:00","lobortis vel","5236 Eliot Park"
448,469,"11:26:00","vel pede morbi","8 Nobel Street"
122,195,"14:57:00","tempus vivamus in felis","16796 Green Drive"
370,116,"07:20:00","pede posuere","82 Hintze Way"
356,401,"22:20:00","id","6 Eagle Crest Plaza"
191,529,"13:42:00","eget congue eget semper rutrum","095 Walton Court"
286,211,"17:58:00","non lectus","08902 Emmet Park"
147,506,"03:00:00","ipsum primis in","43897 Meadow Valley Street"
160,420,"23:01:00","tortor sollicitudin mi sit amet","6 Lighthouse Bay Way"
338,350,"15:46:00","luctus ultricies","33105 Ridge Oak Place"
264,90,"09:42:00","nunc proin at turpis a","42602 Buell Place"
77,40,"12:37:00","platea dictumst","70 Bobwhite Avenue"
232,162,"05:48:00","diam","27 Mariners Cove Hill"
10,282,"14:54:00","id justo","512 Shopko Trail"
257,271,"14:57:00","in libero","7775 Bellgrove Hill"
33,63,"04:03:00","cras pellentesque volutpat","8 Sherman Avenue"
24,242,"20:53:00","magna","85638 Eastwood Trail"
416,118,"17:23:00","tortor id","8096 Mandrake Pass"
75,289,"21:27:00","elementum nullam varius nulla","693 Vermont Junction"
4,525,"22:07:00","tortor","382 Elmside Lane"
165,127,"13:27:00","rutrum ac lobortis vel dapibus","7 Rigney Hill"
173,419,"16:39:00","odio","688 Tennyson Trail"
280,480,"20:58:00","pulvinar","1 Bowman Trail"
353,140,"22:51:00","eleifend quam a","1999 Susan Place"
336,478,"21:32:00","curae nulla dapibus dolor","77370 Granby Court"
128,130,"01:57:00","turpis elementum","806 Dottie Lane"
447,524,"09:06:00","a feugiat et eros vestibulum","1130 La Follette Junction"
492,228,"20:49:00","nulla","81134 Eliot Alley"
256,124,"19:18:00","in sapien iaculis","82766 Grim Pass"
496,180,"02:43:00","posuere","539 Claremont Drive"
255,220,"06:07:00","vel","45 Harper Plaza"
343,99,"14:26:00","primis","49 Lakewood Terrace"
381,102,"21:06:00","interdum in","9004 Lawn Point"
194,342,"15:12:00","a suscipit","71 Farmco Park"
267,190,"04:59:00","at turpis","44 Burning Wood Park"
374,378,"09:57:00","quisque erat eros","11 Hagan Circle"
134,202,"09:03:00","sapien","19692 Lunder Place"
172,432,"20:05:00","suscipit nulla elit ac nulla","43034 Dahle Trail"
156,339,"09:19:00","tortor sollicitudin mi","0942 Buena Vista Trail"
147,370,"04:46:00","in faucibus","0 Namekagon Plaza"
104,470,"22:52:00","ante ipsum primis in","2165 Brickson Park Point"
261,283,"06:29:00","consequat lectus in est","96731 Anthes Hill"
159,172,"15:24:00","vulputate luctus","673 Forest Terrace"
68,314,"17:33:00","nisl aenean lectus pellentesque eget","709 Fair Oaks Avenue"
453,305,"05:56:00","lacus curabitur at ipsum","319 Kinsman Parkway"
396,41,"01:38:00","ut","2 Namekagon Way"
135,283,"04:47:00","nisi at nibh","788 Stoughton Center"
383,132,"06:14:00","viverra dapibus","7742 Dryden Road"
114,378,"14:32:00","non","43 Katie Avenue"
80,184,"02:29:00","justo aliquam quis turpis eget","36 Doe Crossing Point"
183,419,"13:07:00","lacinia erat vestibulum","23837 Monument Avenue"
29,503,"01:49:00","non ligula pellentesque ultrices","78487 Cascade Plaza"
428,344,"07:54:00","vestibulum aliquet","8884 Crest Line Trail"
61,309,"23:54:00","amet eleifend","220 Laurel Road"
300,527,"03:37:00","id ligula suspendisse","183 Hauk Lane"
62,312,"21:27:00","id consequat","6971 Garrison Plaza"
62,406,"15:30:00","enim sit amet nunc viverra","5 Dottie Alley"
79,423,"09:08:00","at nunc","17548 Di Loreto Trail"
216,397,"11:57:00","erat curabitur gravida nisi at","8 Roxbury Alley"
475,376,"00:38:00","augue","4 Tomscot Junction"
215,348,"08:53:00","eu interdum eu tincidunt in","1 Parkside Way"
409,110,"13:54:00","luctus ultricies eu","6 Meadow Vale Circle"
450,462,"18:29:00","leo odio porttitor id consequat","5065 Everett Parkway"
204,224,"09:32:00","neque sapien placerat ante nulla","4575 Tomscot Junction"
5,141,"08:40:00","mauris eget massa","1 Vermont Circle"
396,428,"12:47:00","at","10 Fairview Alley"
260,339,"07:59:00","in felis eu","3 Warner Hill"
433,87,"02:43:00","eget eros elementum pellentesque","0 Express Court"
366,446,"18:04:00","praesent lectus vestibulum quam","928 Ridgeview Avenue"
183,160,"07:23:00","lacus morbi sem mauris","5291 Vermont Crossing"
226,506,"23:24:00","vitae","93 Kennedy Road"
8,489,"08:38:00","nascetur ridiculus mus vivamus","84896 Lindbergh Hill"
324,528,"01:45:00","sapien","521 Fairfield Circle"
247,406,"06:45:00","vestibulum sagittis sapien cum sociis","30610 Almo Center"
63,352,"13:49:00","in faucibus orci luctus","2969 Hansons Alley"
329,128,"16:43:00","nulla","40328 Blackbird Parkway"
26,121,"02:03:00","semper interdum mauris ullamcorper","9 Carberry Crossing"
430,474,"21:32:00","erat id mauris","12597 Golden Leaf Terrace"
274,285,"17:41:00","praesent lectus","8 Logan Pass"
336,404,"19:51:00","pede justo","5204 Riverside Lane"
16,122,"09:36:00","nisl","9043 Cody Place"
480,356,"02:19:00","nibh quisque","91 Farragut Road"
109,498,"01:32:00","maecenas","9194 Homewood Alley"
440,186,"13:50:00","lectus aliquam","51 Chive Plaza"
163,313,"10:57:00","ut suscipit a feugiat et","6 Mitchell Place"
488,293,"17:00:00","leo","546 Old Shore Place"
413,140,"13:26:00","aliquam convallis nunc","1 Merchant Trail"
276,217,"16:31:00","erat curabitur gravida nisi at","2296 Burrows Plaza"
441,336,"13:43:00","rutrum rutrum neque aenean auctor","290 Maryland Plaza"
249,430,"03:09:00","congue diam id ornare","69144 New Castle Street"
386,369,"00:32:00","odio elementum eu","91542 Amoth Point"
134,80,"23:56:00","convallis duis consequat dui","95086 Hintze Court"
300,498,"08:44:00","maecenas rhoncus aliquam lacus morbi","7 Welch Parkway"
422,91,"23:18:00","donec semper","5949 Veith Crossing"
224,138,"19:17:00","at dolor quis odio consequat","2622 Meadow Vale Junction"
75,239,"18:10:00","est","3 Quincy Court"
30,415,"21:26:00","mi nulla","032 Buell Pass"
51,355,"09:27:00","turpis enim","098 Bunker Hill Pass"
37,248,"00:22:00","ipsum aliquam","5 Cody Court"
198,397,"13:23:00","vivamus vel nulla","24 Emmet Trail"
467,226,"04:29:00","non mauris morbi non","6 Dahle Trail"
495,156,"06:26:00","viverra","54 Vermont Way"
127,428,"18:38:00","duis consequat dui nec nisi","3 Longview Crossing"
47,122,"17:20:00","nibh","7583 Fieldstone Alley"
450,53,"14:55:00","nulla ultrices","17843 Chive Point"
197,297,"15:44:00","ligula vehicula","5 Charing Cross Center"
217,338,"16:37:00","quisque id justo sit","9 Graedel Road"
331,238,"16:19:00","auctor","1 Manley Alley"
293,371,"17:57:00","nam","16 Tennyson Center"
107,81,"18:25:00","pellentesque volutpat dui","58 Badeau Avenue"
99,232,"11:55:00","rutrum rutrum","69 Burning Wood Crossing"
3,173,"19:47:00","faucibus orci","8 Mallard Lane"
134,144,"07:27:00","scelerisque quam","427 Bay Point"
408,56,"19:49:00","nec nisi volutpat","83 Thackeray Point"
350,412,"01:43:00","non","537 Mccormick Avenue"
283,196,"06:04:00","odio cras","2736 Elmside Junction"
16,350,"08:05:00","mi nulla","32608 Calypso Avenue"
177,289,"23:35:00","mattis","5 Warner Plaza"
315,342,"05:11:00","magna at","85869 Trailsway Place"
343,38,"04:18:00","aenean","07 Thierer Center"
247,196,"06:26:00","amet nulla quisque","5 Norway Maple Place"
424,254,"02:26:00","proin eu mi nulla","9 Bluejay Trail"
493,145,"22:45:00","eu","84948 Elmside Circle"
367,305,"18:22:00","sit","5690 Summerview Plaza"
213,528,"09:58:00","cras","668 Schmedeman Crossing"
250,498,"16:26:00","velit vivamus vel nulla","98866 Tennessee Alley"
160,114,"06:11:00","ut massa quis augue","99 Dahle Point"
404,461,"07:51:00","nisi eu orci mauris","8 Farmco Center"
225,368,"16:20:00","leo maecenas pulvinar","813 Northridge Crossing"
139,333,"00:57:00","quisque porta volutpat","5710 Straubel Hill"
475,111,"03:53:00","non lectus aliquam","136 Melrose Crossing"
360,95,"14:44:00","odio cras mi","62 Darwin Avenue"
249,336,"13:44:00","vivamus metus","91801 Oneill Way"
103,520,"16:39:00","curabitur at ipsum","056 Florence Junction"
283,165,"06:03:00","est","6483 Village Place"
206,455,"23:50:00","parturient montes nascetur ridiculus mus","29 Forest Run Parkway"
447,176,"02:35:00","ut","31 Bluejay Alley"
173,458,"03:42:00","velit donec","105 Cherokee Road"
365,354,"01:33:00","morbi ut odio","4707 Armistice Crossing"
165,287,"12:07:00","convallis tortor risus dapibus","91 Ronald Regan Drive"
93,475,"01:00:00","interdum","952 Gateway Circle"
376,347,"00:20:00","varius nulla facilisi","0077 Alpine Plaza"
406,358,"21:50:00","diam nam tristique","37149 Bowman Park"
233,203,"22:02:00","id","43 Oak Valley Terrace"
109,311,"23:57:00","ligula sit amet eleifend","280 Rockefeller Court"
456,306,"16:42:00","leo odio porttitor id","652 Transport Center"
78,524,"21:26:00","nulla suscipit ligula in","52072 Monument Way"
43,514,"23:42:00","vestibulum aliquet ultrices erat tortor","325 Myrtle Avenue"
423,310,"17:12:00","aliquam erat volutpat in congue","0 Gale Way"
477,214,"04:32:00","sem","762 Westend Alley"
272,260,"04:50:00","eget semper rutrum nulla nunc","66 Dunning Way"
70,264,"03:12:00","neque duis bibendum morbi non","430 Swallow Hill"
46,383,"06:06:00","nunc proin at turpis a","584 Granby Drive"
25,240,"11:12:00","et tempus","2 Butterfield Park"
119,237,"22:05:00","in tempor turpis nec euismod","769 Macpherson Center"
369,329,"13:45:00","molestie hendrerit at","14 Meadow Ridge Trail"
381,231,"13:20:00","aliquam sit amet diam","214 David Lane"
72,36,"10:30:00","semper rutrum nulla","12210 Commercial Crossing"
185,79,"08:42:00","sem mauris","96 Mifflin Plaza"
360,222,"08:34:00","consectetuer adipiscing elit proin","4 Golf Trail"
82,116,"12:59:00","posuere cubilia curae mauris","63903 Maywood Junction"
148,134,"23:53:00","quam a odio","96491 Graedel Crossing"
371,304,"22:31:00","vehicula condimentum","6181 International Avenue"
323,365,"10:53:00","facilisi cras non velit","7 Aberg Junction"
278,200,"01:42:00","augue vel accumsan tellus nisi","8 Doe Crossing Place"
336,176,"06:15:00","ac nulla sed","3 Homewood Point"
18,171,"10:21:00","rhoncus sed","2 Lindbergh Plaza"
266,58,"11:05:00","duis faucibus accumsan odio","1 Eagan Street"
244,158,"05:57:00","ut nulla","2 Burning Wood Parkway"
282,362,"19:27:00","donec odio","5258 Lukken Place"
214,111,"05:26:00","amet justo morbi","9 Pearson Circle"
464,284,"18:11:00","potenti nullam porttitor lacus at","3451 Elka Way"
473,286,"23:13:00","quam fringilla","0 Heath Alley"
474,158,"18:25:00","dui","970 Warner Point"
456,203,"15:44:00","id nulla ultrices aliquet","1 Waubesa Crossing"
258,88,"09:43:00","sem sed sagittis","2160 Mitchell Parkway"
406,164,"22:30:00","nulla suspendisse potenti cras in","2 Meadow Valley Drive"
402,258,"23:36:00","est","38 Comanche Center"
247,380,"12:35:00","luctus et ultrices","47387 Pleasure Terrace"
216,207,"11:15:00","ornare imperdiet sapien urna","68 Sutherland Drive"
343,188,"17:38:00","aenean","209 Grover Place"
84,126,"14:50:00","eleifend donec","4235 Hovde Parkway"
370,398,"08:29:00","quam a odio","644 Knutson Circle"
90,86,"11:48:00","donec ut","5127 Oak Way"
316,87,"19:58:00","rutrum","564 Almo Circle"
233,43,"05:49:00","adipiscing elit proin","800 Mcguire Junction"
188,88,"06:39:00","a ipsum","95946 Atwood Terrace"
425,512,"17:27:00","phasellus","68190 Eagle Crest Pass"
132,364,"05:16:00","volutpat erat quisque erat eros","2 Maple Wood Trail"
254,280,"05:13:00","vestibulum sagittis sapien","58 Hudson Parkway"
93,227,"04:46:00","accumsan odio curabitur convallis","89914 Onsgard Hill"
404,529,"03:54:00","ante ipsum primis in faucibus","36 Hauk Way"
338,501,"22:46:00","eu sapien cursus vestibulum","755 Burning Wood Lane"
151,234,"23:35:00","cum sociis natoque penatibus et","7659 Straubel Lane"
72,465,"02:49:00","mi integer ac neque duis","3 Heffernan Way"
80,387,"23:28:00","scelerisque quam turpis adipiscing","532 Bunting Road"
238,347,"15:51:00","nulla","464 Kinsman Alley"
347,204,"21:24:00","tempor","4 Petterle Alley"
27,177,"11:06:00","pellentesque","24900 Dexter Point"
296,121,"14:35:00","interdum mauris","43054 Myrtle Terrace"
320,40,"19:47:00","venenatis non sodales sed","4 Laurel Parkway"
147,53,"13:10:00","non sodales sed","6 Stone Corner Way"
153,362,"22:08:00","nisi volutpat eleifend","6 Toban Trail"
327,326,"21:38:00","in quam","20 Northport Center"
