orderid,employeeid,timeofdelivery,specialrequest,adress
387,336,3:14 PM,orci,48 South Place
308,61,2:41 PM,in lacus curabitur,230 Esch Alley
289,64,6:49 PM,ornare imperdiet sapien urna pretium,0578 Rieder Parkway
479,107,6:48 PM,ut,9 2nd Hill
342,412,5:53 PM,hac habitasse platea dictumst aliquam,423 Alpine Circle
191,495,3:50 AM,pulvinar nulla,7489 Fremont Parkway
146,526,4:15 AM,suspendisse potenti nullam,3802 Portage Place
308,140,1:52 AM,tristique tortor,13233 Delaware Court
373,97,3:51 AM,id turpis integer aliquet,6 Briar Crest Terrace
85,395,10:45 PM,est quam pharetra magna,32 Summerview Park
450,249,9:34 PM,vel,69 Gina Hill
429,170,2:15 AM,tristique tortor eu pede,2374 Upham Junction
190,465,6:42 PM,ante,75 Acker Point
333,452,1:17 AM,faucibus cursus urna ut tellus,6243 Vernon Drive
225,161,9:42 PM,habitasse platea dictumst aliquam augue,6183 Butternut Crossing
80,514,12:09 PM,mi sit amet lobortis,9 Kenwood Way
50,393,5:33 AM,phasellus in felis,9 Browning Way
106,247,2:49 AM,feugiat non pretium quis lectus,6751 Scott Junction
157,458,10:32 AM,mauris viverra diam vitae,6505 Katie Junction
184,463,12:32 AM,semper,1547 Troy Center
167,519,1:09 PM,nulla,3 Sundown Center
93,302,9:34 AM,nulla dapibus dolor,5 Kedzie Court
231,371,3:16 AM,nec euismod scelerisque,62 American Ash Parkway
388,240,1:35 PM,tellus nulla ut erat id,59040 Ridgeway Point
273,147,7:42 PM,semper porta volutpat quam pede,50952 Merry Drive
409,525,5:55 AM,nisl duis bibendum felis,93371 Superior Place
81,526,6:50 PM,interdum mauris non ligula,6 Carey Terrace
174,524,1:12 AM,at nulla suspendisse,36588 Little Fleur Street
8,474,1:40 AM,dictumst etiam,26 Kenwood Crossing
92,264,7:03 PM,arcu sed augue aliquam,709 Spohn Trail
483,301,3:03 PM,nascetur ridiculus,7599 Riverside Crossing
157,307,7:40 PM,id lobortis,6 Heath Crossing
443,176,7:13 PM,aliquam erat volutpat in congue,44054 Birchwood Lane
261,454,8:47 AM,ut,9 Westport Road
39,302,6:22 AM,lectus vestibulum quam,49936 Jenifer Trail
25,185,8:27 PM,pede justo lacinia,8 Warrior Trail
30,288,1:08 AM,eget rutrum at lorem,4627 Scoville Avenue
426,393,8:11 AM,mauris eget massa tempor convallis,99247 Green Ridge Parkway
74,249,1:46 AM,massa id,004 Darwin Center
313,160,3:31 PM,scelerisque quam,02528 Maple Wood Plaza
9,227,12:49 PM,vel ipsum praesent blandit,79 Dryden Park
184,102,11:58 AM,quam nec dui luctus rutrum,9790 Longview Road
220,224,4:37 AM,vestibulum ante,572 Dawn Avenue
444,402,11:00 AM,odio in hac,65 Raven Way
219,274,1:18 PM,odio in,2124 Homewood Avenue
254,252,11:15 PM,nulla ut erat id,7 Nancy Court
342,76,3:34 PM,est,8804 Sunnyside Center
143,418,7:23 PM,sit amet consectetuer,41 Spohn Pass
332,368,5:02 AM,enim leo rhoncus sed,73474 Canary Way
222,271,1:55 PM,rhoncus mauris enim,0 Forster Hill
1,533,4:40 PM,et,97974 6th Circle
68,98,4:07 AM,duis mattis egestas metus,619 Dahle Avenue
73,49,9:26 AM,nam nulla integer pede,08 Pleasure Lane
498,397,5:46 AM,justo eu massa donec,86 Mccormick Street
190,62,10:45 PM,eu orci mauris lacinia,77 Haas Parkway
311,281,5:44 AM,augue,3263 Mariners Cove Road
247,147,3:08 AM,lectus suspendisse potenti in,52877 Brown Court
11,87,5:23 AM,ut,172 Roth Place
30,428,7:28 PM,nam dui proin leo,3066 Anthes Avenue
60,260,1:06 PM,ipsum aliquam non mauris,241 Ridgeview Circle
477,142,4:49 PM,commodo vulputate justo in,09566 Sunnyside Circle
362,178,2:36 AM,bibendum imperdiet,97564 Cordelia Plaza
175,101,5:27 AM,nulla,28 Columbus Park
100,35,3:06 PM,metus sapien ut,95307 Washington Drive
57,472,10:37 PM,aliquam lacus morbi quis tortor,65950 Towne Junction
208,145,4:47 PM,id nulla ultrices aliquet,9328 Charing Cross Crossing
177,206,10:47 PM,eleifend donec ut,708 Weeping Birch Point
237,476,4:20 PM,nisi vulputate,6681 Weeping Birch Lane
115,473,5:10 AM,pellentesque eget nunc donec quis,40 Transport Trail
290,426,12:33 AM,sit amet,4100 Cardinal Circle
240,243,11:39 AM,ultrices,651 Crowley Court
376,41,3:08 PM,nunc rhoncus,1 Kedzie Terrace
33,274,5:23 AM,elit sodales scelerisque mauris,10301 Scoville Way
330,272,8:23 PM,erat curabitur,14868 Everett Plaza
190,89,4:30 AM,dictumst aliquam augue,11061 Doe Crossing Place
19,251,1:17 PM,molestie lorem quisque ut,69870 Tennessee Plaza
48,317,10:40 AM,dui,2 Chive Center
188,302,7:00 PM,ac nibh fusce lacus,6711 Columbus Parkway
204,235,5:00 AM,tincidunt,0060 Southridge Court
99,204,2:35 AM,ac enim in,887 Sachs Way
483,424,3:24 AM,ligula pellentesque,6295 Sommers Circle
442,302,2:40 AM,semper sapien a libero,09 Montana Parkway
442,346,11:23 AM,erat quisque,724 Forest Run Court
204,216,12:10 PM,elementum in hac,6615 Stone Corner Trail
61,104,12:46 AM,quam,44 Morrow Road
395,430,3:29 AM,posuere,49659 Haas Junction
220,496,4:18 PM,justo,21 Washington Lane
45,350,6:53 PM,volutpat,89633 Roth Trail
382,508,6:37 PM,quis lectus suspendisse potenti,157 Warner Avenue
467,505,7:11 PM,sed justo,0751 Lukken Pass
430,405,8:05 AM,in,89851 Lien Circle
430,120,11:20 AM,curabitur gravida nisi,685 Bonner Way
328,475,9:42 PM,non ligula pellentesque ultrices,354 Main Point
43,54,9:28 AM,magna,63 Lukken Center
348,344,2:28 PM,consequat,2191 Oak Valley Lane
200,41,8:25 AM,ultrices phasellus,544 Stone Corner Lane
394,363,8:59 AM,a nibh in quis justo,61311 Hintze Alley
140,108,12:55 PM,venenatis tristique fusce congue diam,24 Express Parkway
203,123,5:21 PM,tincidunt lacus at velit vivamus,76070 Westport Center
436,327,2:03 AM,sollicitudin vitae consectetuer,60196 Eggendart Pass
169,94,3:46 AM,augue aliquam,89 American Parkway
472,218,4:21 AM,mauris enim,608 Garrison Road
411,195,3:21 PM,ultrices erat tortor sollicitudin mi,034 Colorado Lane
422,283,1:09 PM,posuere cubilia,54669 Bartillon Plaza
341,290,4:27 PM,cursus vestibulum,79310 Brentwood Road
396,228,10:18 AM,duis,89 Macpherson Crossing
400,226,7:58 AM,volutpat erat quisque erat eros,72428 Sage Street
339,325,4:00 AM,erat fermentum justo nec condimentum,226 Almo Place
25,203,9:46 AM,vivamus metus arcu adipiscing molestie,5 Independence Street
58,37,2:14 PM,tincidunt ante vel,01 Towne Center
359,158,3:02 AM,in leo maecenas pulvinar lobortis,7451 Gateway Lane
422,154,4:45 PM,arcu adipiscing molestie hendrerit at,03 Thompson Terrace
450,243,6:15 AM,lorem id ligula suspendisse,8 Oakridge Terrace
45,115,12:27 AM,laoreet,60280 Melvin Terrace
33,197,5:03 PM,at lorem integer tincidunt ante,37 Novick Center
371,63,3:51 PM,lorem ipsum dolor sit amet,8 Briar Crest Point
110,226,2:36 AM,eros viverra eget congue,5598 Marcy Road
379,363,12:35 PM,quis,3674 7th Parkway
27,354,1:45 AM,augue,9896 Mayfield Center
225,77,7:26 AM,blandit nam nulla integer pede,32127 Gulseth Pass
423,493,12:40 AM,pede,7027 Fieldstone Crossing
164,61,3:50 PM,non,2 Kenwood Park
171,423,8:45 AM,pede ac,3664 Schiller Court
266,185,4:37 AM,ac est lacinia nisi,62 Alpine Parkway
95,72,2:35 AM,viverra dapibus nulla suscipit ligula,1071 Moland Plaza
120,444,10:32 PM,sapien varius ut blandit,40002 Sunbrook Court
147,534,2:49 AM,odio odio elementum,9 Loomis Alley
448,430,8:00 PM,pellentesque,95 Fulton Court
162,479,4:39 AM,est donec odio justo,105 Dunning Pass
276,337,7:47 AM,felis donec semper sapien a,26508 Swallow Parkway
231,434,4:46 PM,blandit,37870 3rd Crossing
158,92,11:48 AM,a libero nam dui,6 Lukken Road
42,57,7:12 PM,cubilia curae,01 Dottie Avenue
441,398,11:01 PM,convallis morbi,3431 1st Crossing
79,152,2:32 PM,nisl,13534 Dixon Crossing
103,96,1:45 AM,metus aenean fermentum,05028 Randy Plaza
479,408,11:04 PM,lorem vitae mattis nibh ligula,9470 Clarendon Circle
482,308,8:59 PM,volutpat quam pede lobortis,978 Rusk Pass
488,529,11:55 AM,nibh quisque,32 Mcbride Road
15,222,7:55 AM,quisque,059 Graceland Park
251,349,11:58 AM,morbi odio,714 Norway Maple Crossing
165,87,2:26 PM,posuere felis sed lacus morbi,5 Kipling Plaza
80,368,6:42 AM,auctor gravida,2 Tony Crossing
89,37,10:54 AM,nunc,236 Northridge Court
10,112,10:32 PM,vitae,516 Golf View Hill
482,519,10:11 PM,sem duis,75 Schmedeman Junction
94,500,10:50 AM,porttitor lorem id ligula,902 Shasta Place
91,192,4:28 AM,est,106 Oak Street
145,413,10:33 AM,sit amet sapien dignissim vestibulum,0 Messerschmidt Lane
145,283,10:12 PM,quis libero,5712 Cascade Center
246,354,12:14 AM,elit ac nulla sed vel,25 Veith Center
189,183,12:36 PM,interdum eu tincidunt in,6 North Junction
314,322,2:15 AM,quis lectus suspendisse potenti in,774 Eliot Trail
324,525,12:14 AM,amet nulla quisque arcu,42 Melody Avenue
489,488,5:40 PM,enim leo rhoncus sed,8 Bultman Plaza
67,260,10:31 AM,amet nunc viverra dapibus,24734 Mccormick Plaza
24,84,5:34 AM,ultrices,351 Crescent Oaks Lane
81,354,4:21 PM,odio justo sollicitudin ut suscipit,33501 Killdeer Trail
44,367,1:44 PM,pulvinar,28006 Shopko Crossing
417,497,4:54 PM,sapien urna pretium nisl,057 Stuart Center
82,353,3:37 PM,vehicula condimentum,25 Green Circle
225,493,2:08 PM,cubilia curae mauris viverra diam,2165 Vidon Plaza
273,310,6:05 PM,aliquam convallis,33 Pawling Center
493,41,8:07 AM,consequat metus sapien,82878 Melvin Road
146,186,7:04 PM,at,31599 Pond Pass
348,256,8:20 AM,montes nascetur ridiculus,1417 Pierstorff Circle
100,339,8:24 AM,massa,80315 Union Circle
148,329,5:59 PM,ultrices aliquet,06 Lakeland Court
339,374,8:17 AM,mus etiam vel augue vestibulum,96030 5th Plaza
397,132,10:33 AM,eleifend luctus ultricies eu,539 Grasskamp Parkway
219,291,6:35 AM,sit amet,6314 Grasskamp Junction
83,364,12:58 AM,dui vel nisl duis,7642 Rutledge Plaza
57,444,8:24 AM,quam pede lobortis ligula,16533 Dennis Hill
272,144,9:53 PM,sit amet lobortis sapien sapien,4194 Morningstar Parkway
325,125,3:17 AM,nec nisi volutpat eleifend,74 Meadow Ridge Parkway
65,97,1:44 PM,posuere felis,3719 Green Place
211,229,12:52 PM,varius nulla,38 Marcy Point
222,530,6:19 AM,dolor quis odio consequat varius,5541 Oak Valley Circle
230,219,5:48 PM,ut suscipit a feugiat et,9 Twin Pines Plaza
35,95,1:22 AM,maecenas ut massa,525 Stoughton Junction
163,512,7:17 PM,tortor risus dapibus augue,62847 Spohn Drive
333,256,10:17 PM,orci,73 Kipling Circle
471,171,1:41 PM,nulla quisque,75236 Morrow Terrace
391,99,4:26 PM,vel ipsum praesent blandit lacinia,2 Village Terrace
245,167,10:03 PM,tincidunt eget,3889 Fisk Hill
220,420,12:32 AM,orci mauris lacinia sapien,44 Badeau Crossing
325,402,8:14 PM,penatibus,87884 Hovde Avenue
266,376,12:33 AM,purus eu magna vulputate,31 Bluejay Hill
250,128,3:09 PM,nulla,43465 Ridge Oak Avenue
79,320,6:14 AM,nullam sit,8 Birchwood Lane
339,107,9:15 AM,felis,3066 Buena Vista Drive
435,233,2:14 AM,varius,1 Talmadge Drive
343,273,12:06 AM,sapien dignissim vestibulum vestibulum,44677 Corben Avenue
241,161,10:29 AM,odio,38 Northview Lane
285,337,6:59 PM,porttitor,62552 Heath Court
338,459,9:38 AM,at diam,60944 Michigan Junction
495,487,2:10 PM,risus,5 Kennedy Center
127,439,5:41 PM,egestas metus,96274 Muir Center
402,470,7:47 AM,eleifend donec,6758 Gerald Terrace
68,215,9:20 AM,augue,17410 Memorial Point
335,441,4:09 AM,a odio,955 Corben Street
470,166,10:56 AM,nulla neque libero convallis,69998 Lakewood Gardens Pass
83,126,1:32 PM,est phasellus,256 Northfield Hill
421,326,5:35 PM,in,05 Anniversary Park
178,84,4:02 PM,pharetra,32 Village Court
495,176,2:13 AM,tincidunt eget tempus,3912 Hanover Circle
437,380,11:03 AM,leo pellentesque ultrices,788 Hansons Lane
203,468,10:10 AM,nisi at nibh in,73 Starling Hill
49,446,1:39 AM,nunc commodo placerat praesent,14096 Lerdahl Alley
52,481,8:23 PM,mus etiam vel augue,2 Macpherson Court
267,453,3:31 PM,augue vestibulum rutrum rutrum,9899 Summer Ridge Court
107,492,2:34 AM,augue,230 Londonderry Terrace
212,299,3:26 AM,risus semper porta,30 Mitchell Way
190,201,4:58 AM,feugiat et eros,42 Artisan Street
124,230,3:52 AM,odio curabitur convallis,414 Onsgard Way
330,223,9:39 AM,nisi,66451 Hoepker Avenue
126,132,1:52 AM,ut mauris eget massa tempor,1587 Bay Plaza
298,333,1:23 AM,imperdiet nullam,6883 Hudson Parkway
467,175,2:05 PM,platea dictumst etiam faucibus cursus,248 Johnson Trail
84,315,3:12 PM,justo pellentesque viverra pede ac,172 Kensington Street
275,486,6:50 PM,enim in tempor turpis,760 American Parkway
183,308,3:23 AM,ipsum primis,24109 Twin Pines Point
318,149,1:01 AM,sit amet consectetuer adipiscing,5299 Holmberg Terrace
362,439,2:00 AM,at,90169 Kropf Pass
3,378,9:32 AM,lacus at turpis,3553 Green Circle
263,497,5:07 PM,lorem vitae,68602 Colorado Court
398,420,8:14 PM,libero nam,650 Huxley Way
145,435,1:01 AM,ac enim in tempor,6359 Duke Place
18,294,7:19 AM,ante vivamus tortor duis mattis,5 Dayton Crossing
345,287,1:25 AM,nulla sed accumsan felis,237 Morning Pass
471,354,12:48 PM,duis,796 Victoria Circle
432,463,11:34 PM,tempus sit amet sem fusce,87 Prairie Rose Hill
190,103,1:53 PM,semper,23327 Warbler Park
226,415,6:13 AM,quisque id justo sit amet,5 Swallow Court
376,208,1:20 PM,massa quis augue luctus,5 Hintze Place
409,194,12:19 PM,in felis donec semper sapien,5431 American Point
164,422,5:14 AM,non velit nec nisi vulputate,518 Welch Circle
92,92,4:10 AM,posuere cubilia,0 Messerschmidt Lane
120,464,8:52 AM,varius ut blandit non,4 Ridgeway Alley
31,162,6:57 AM,potenti nullam porttitor lacus,9486 Vernon Pass
490,63,12:58 PM,luctus et ultrices posuere cubilia,4 Sutteridge Pass
349,88,11:09 AM,porttitor lorem id ligula suspendisse,04339 Scofield Street
118,394,3:44 PM,augue luctus,30 Vera Court
27,431,10:08 AM,morbi a ipsum,7 Sherman Parkway
284,483,1:06 AM,phasellus sit amet,9 Memorial Avenue
294,261,3:28 AM,ut erat id mauris,9389 Dapin Parkway
81,531,8:24 AM,accumsan tortor,33 Transport Circle
425,403,10:43 AM,mollis molestie lorem,8 Randy Alley
499,520,12:57 PM,ut,1 Hansons Parkway
357,48,1:21 PM,lobortis est phasellus sit amet,83 Linden Terrace
400,183,2:10 AM,convallis eget eleifend luctus,2 Dwight Circle
2,154,3:32 AM,sed justo pellentesque viverra pede,348 Kim Hill
267,200,6:58 PM,sapien ut nunc,00 American Ash Park
500,160,11:32 AM,dictumst maecenas ut massa,64 American Ash Terrace
8,517,9:35 PM,pulvinar lobortis est phasellus,49 Delladonna Alley
456,454,9:49 AM,elementum nullam varius,6 Hermina Point
311,188,8:07 PM,convallis eget eleifend luctus,713 Roxbury Avenue
174,523,10:42 AM,ultrices phasellus id sapien,1 Meadow Valley Park
209,99,2:07 AM,risus semper porta volutpat,509 Farragut Parkway
498,532,1:49 AM,donec,182 Bunker Hill Pass
118,165,1:17 AM,justo,89 Coleman Way
377,392,6:51 AM,pede,44 Kennedy Road
23,291,12:21 AM,integer tincidunt ante vel,4 Shoshone Trail
61,382,6:09 AM,vel lectus in quam fringilla,1266 Springs Point
55,515,2:27 PM,in congue etiam,38 Hoepker Court
17,276,1:21 PM,vestibulum proin eu mi,5 Scofield Lane
415,394,1:53 PM,posuere cubilia,2 Di Loreto Park
26,414,8:23 PM,odio odio,7436 Evergreen Place
465,517,9:10 PM,porttitor lorem id ligula suspendisse,3873 Algoma Parkway
361,281,10:00 AM,massa quis augue luctus,493 Prentice Pass
1,453,11:38 AM,a pede posuere nonummy,0 Graedel Avenue
213,293,10:19 AM,pharetra magna vestibulum aliquet ultrices,07 Lakewood Gardens Avenue
384,365,9:48 PM,donec ut dolor,25 Manley Center
430,218,10:28 PM,vestibulum eget vulputate ut ultrices,676 Autumn Leaf Circle
125,155,10:30 PM,bibendum felis,9587 Ruskin Street
133,445,8:22 PM,interdum eu,2 Manufacturers Circle
150,423,5:37 AM,aenean lectus pellentesque,4 Buena Vista Road
312,308,8:46 PM,duis at velit eu est,38675 Kings Trail
27,49,4:54 PM,eu orci mauris lacinia sapien,94642 Cambridge Avenue
303,94,8:20 AM,non lectus,41732 Prairieview Trail
120,225,9:47 AM,vestibulum proin eu mi,43869 Eggendart Center
435,157,3:57 AM,et tempus,93643 Lighthouse Bay Alley
414,513,5:55 AM,viverra dapibus nulla suscipit,0003 Stang Plaza
174,518,9:37 PM,consequat in consequat ut,4 Homewood Avenue
77,293,4:07 AM,odio justo sollicitudin,5095 Bobwhite Center
70,331,11:57 PM,pharetra magna ac consequat,9 Sutherland Street
56,122,4:23 PM,consequat in consequat ut nulla,456 Luster Avenue
64,206,6:44 AM,erat id mauris,70 School Junction
168,216,3:19 AM,venenatis non,3168 Meadow Ridge Place
180,509,12:27 PM,erat eros,671 Debra Alley
219,52,5:31 AM,et ultrices posuere,98763 Carberry Place
209,416,10:46 AM,vulputate justo in,41567 Claremont Alley
432,340,1:58 PM,orci luctus et ultrices posuere,415 Independence Street
172,113,5:33 AM,turpis,2883 Pepper Wood Court
79,464,4:19 PM,tellus nisi eu orci mauris,38 Gerald Alley
240,133,5:43 AM,mauris ullamcorper purus sit amet,4 Twin Pines Way
236,122,9:52 AM,lobortis vel,5236 Eliot Park
448,469,11:26 AM,vel pede morbi,8 Nobel Street
122,195,2:57 PM,tempus vivamus in felis,16796 Green Drive
370,116,7:20 AM,pede posuere,82 Hintze Way
356,401,10:20 PM,id,6 Eagle Crest Plaza
191,529,1:42 PM,eget congue eget semper rutrum,095 Walton Court
286,211,5:58 PM,non lectus,08902 Emmet Park
147,506,3:00 AM,ipsum primis in,43897 Meadow Valley Street
160,420,11:01 PM,tortor sollicitudin mi sit amet,6 Lighthouse Bay Way
338,350,3:46 PM,luctus ultricies,33105 Ridge Oak Place
264,90,9:42 AM,nunc proin at turpis a,42602 Buell Place
77,40,12:37 PM,platea dictumst,70 Bobwhite Avenue
232,162,5:48 AM,diam,27 Mariners Cove Hill
10,282,2:54 PM,id justo,512 Shopko Trail
257,271,2:57 PM,in libero,7775 Bellgrove Hill
33,63,4:03 AM,cras pellentesque volutpat,8 Sherman Avenue
24,242,8:53 PM,magna,85638 Eastwood Trail
416,118,5:23 PM,tortor id,8096 Mandrake Pass
75,289,9:27 PM,elementum nullam varius nulla,693 Vermont Junction
4,525,10:07 PM,tortor,382 Elmside Lane
165,127,1:27 PM,rutrum ac lobortis vel dapibus,7 Rigney Hill
173,419,4:39 PM,odio,688 Tennyson Trail
280,480,8:58 PM,pulvinar,1 Bowman Trail
353,140,10:51 PM,eleifend quam a,1999 Susan Place
336,478,9:32 PM,curae nulla dapibus dolor,77370 Granby Court
128,130,1:57 AM,turpis elementum,806 Dottie Lane
447,524,9:06 AM,a feugiat et eros vestibulum,1130 La Follette Junction
492,228,8:49 PM,nulla,81134 Eliot Alley
256,124,7:18 PM,in sapien iaculis,82766 Grim Pass
496,180,2:43 AM,posuere,539 Claremont Drive
255,220,6:07 AM,vel,45 Harper Plaza
343,99,2:26 PM,primis,49 Lakewood Terrace
381,102,9:06 PM,interdum in,9004 Lawn Point
194,342,3:12 PM,a suscipit,71 Farmco Park
267,190,4:59 AM,at turpis,44 Burning Wood Park
374,378,9:57 AM,quisque erat eros,11 Hagan Circle
134,202,9:03 AM,sapien,19692 Lunder Place
172,432,8:05 PM,suscipit nulla elit ac nulla,43034 Dahle Trail
156,339,9:19 AM,tortor sollicitudin mi,0942 Buena Vista Trail
147,370,4:46 AM,in faucibus,0 Namekagon Plaza
104,470,10:52 PM,ante ipsum primis in,2165 Brickson Park Point
261,283,6:29 AM,consequat lectus in est,96731 Anthes Hill
159,172,3:24 PM,vulputate luctus,673 Forest Terrace
68,314,5:33 PM,nisl aenean lectus pellentesque eget,709 Fair Oaks Avenue
453,305,5:56 AM,lacus curabitur at ipsum,319 Kinsman Parkway
396,41,1:38 AM,ut,2 Namekagon Way
135,283,4:47 AM,nisi at nibh,788 Stoughton Center
383,132,6:14 AM,viverra dapibus,7742 Dryden Road
114,378,2:32 PM,non,43 Katie Avenue
80,184,2:29 AM,justo aliquam quis turpis eget,36 Doe Crossing Point
183,419,1:07 PM,lacinia erat vestibulum,23837 Monument Avenue
29,503,1:49 AM,non ligula pellentesque ultrices,78487 Cascade Plaza
428,344,7:54 AM,vestibulum aliquet,8884 Crest Line Trail
61,309,11:54 PM,amet eleifend,220 Laurel Road
300,527,3:37 AM,id ligula suspendisse,183 Hauk Lane
62,312,9:27 PM,id consequat,6971 Garrison Plaza
62,406,3:30 PM,enim sit amet nunc viverra,5 Dottie Alley
79,423,9:08 AM,at nunc,17548 Di Loreto Trail
216,397,11:57 AM,erat curabitur gravida nisi at,8 Roxbury Alley
475,376,12:38 AM,augue,4 Tomscot Junction
215,348,8:53 AM,eu interdum eu tincidunt in,1 Parkside Way
409,110,1:54 PM,luctus ultricies eu,6 Meadow Vale Circle
450,462,6:29 PM,leo odio porttitor id consequat,5065 Everett Parkway
204,224,9:32 AM,neque sapien placerat ante nulla,4575 Tomscot Junction
5,141,8:40 AM,mauris eget massa,1 Vermont Circle
396,428,12:47 PM,at,10 Fairview Alley
260,339,7:59 AM,in felis eu,3 Warner Hill
433,87,2:43 AM,eget eros elementum pellentesque,0 Express Court
366,446,6:04 PM,praesent lectus vestibulum quam,928 Ridgeview Avenue
183,160,7:23 AM,lacus morbi sem mauris,5291 Vermont Crossing
226,506,11:24 PM,vitae,93 Kennedy Road
8,489,8:38 AM,nascetur ridiculus mus vivamus,84896 Lindbergh Hill
324,528,1:45 AM,sapien,521 Fairfield Circle
247,406,6:45 AM,vestibulum sagittis sapien cum sociis,30610 Almo Center
63,352,1:49 PM,in faucibus orci luctus,2969 Hansons Alley
329,128,4:43 PM,nulla,40328 Blackbird Parkway
26,121,2:03 AM,semper interdum mauris ullamcorper,9 Carberry Crossing
430,474,9:32 PM,erat id mauris,12597 Golden Leaf Terrace
274,285,5:41 PM,praesent lectus,8 Logan Pass
336,404,7:51 PM,pede justo,5204 Riverside Lane
16,122,9:36 AM,nisl,9043 Cody Place
480,356,2:19 AM,nibh quisque,91 Farragut Road
109,498,1:32 AM,maecenas,9194 Homewood Alley
440,186,1:50 PM,lectus aliquam,51 Chive Plaza
163,313,10:57 AM,ut suscipit a feugiat et,6 Mitchell Place
488,293,5:00 PM,leo,546 Old Shore Place
413,140,1:26 PM,aliquam convallis nunc,1 Merchant Trail
276,217,4:31 PM,erat curabitur gravida nisi at,2296 Burrows Plaza
441,336,1:43 PM,rutrum rutrum neque aenean auctor,290 Maryland Plaza
249,430,3:09 AM,congue diam id ornare,69144 New Castle Street
386,369,12:32 AM,odio elementum eu,91542 Amoth Point
134,80,11:56 PM,convallis duis consequat dui,95086 Hintze Court
300,498,8:44 AM,maecenas rhoncus aliquam lacus morbi,7 Welch Parkway
422,91,11:18 PM,donec semper,5949 Veith Crossing
224,138,7:17 PM,at dolor quis odio consequat,2622 Meadow Vale Junction
75,239,6:10 PM,est,3 Quincy Court
30,415,9:26 PM,mi nulla,032 Buell Pass
51,355,9:27 AM,turpis enim,098 Bunker Hill Pass
37,248,12:22 AM,ipsum aliquam,5 Cody Court
198,397,1:23 PM,vivamus vel nulla,24 Emmet Trail
467,226,4:29 AM,non mauris morbi non,6 Dahle Trail
495,156,6:26 AM,viverra,54 Vermont Way
127,428,6:38 PM,duis consequat dui nec nisi,3 Longview Crossing
47,122,5:20 PM,nibh,7583 Fieldstone Alley
450,53,2:55 PM,nulla ultrices,17843 Chive Point
197,297,3:44 PM,ligula vehicula,5 Charing Cross Center
217,338,4:37 PM,quisque id justo sit,9 Graedel Road
331,238,4:19 PM,auctor,1 Manley Alley
293,371,5:57 PM,nam,16 Tennyson Center
107,81,6:25 PM,pellentesque volutpat dui,58 Badeau Avenue
99,232,11:55 AM,rutrum rutrum,69 Burning Wood Crossing
3,173,7:47 PM,faucibus orci,8 Mallard Lane
134,144,7:27 AM,scelerisque quam,427 Bay Point
408,56,7:49 PM,nec nisi volutpat,83 Thackeray Point
350,412,1:43 AM,non,537 Mccormick Avenue
283,196,6:04 AM,odio cras,2736 Elmside Junction
16,350,8:05 AM,mi nulla,32608 Calypso Avenue
177,289,11:35 PM,mattis,5 Warner Plaza
315,342,5:11 AM,magna at,85869 Trailsway Place
343,38,4:18 AM,aenean,07 Thierer Center
247,196,6:26 AM,amet nulla quisque,5 Norway Maple Place
424,254,2:26 AM,proin eu mi nulla,9 Bluejay Trail
493,145,10:45 PM,eu,84948 Elmside Circle
367,305,6:22 PM,sit,5690 Summerview Plaza
213,528,9:58 AM,cras,668 Schmedeman Crossing
250,498,4:26 PM,velit vivamus vel nulla,98866 Tennessee Alley
160,114,6:11 AM,ut massa quis augue,99 Dahle Point
404,461,7:51 AM,nisi eu orci mauris,8 Farmco Center
225,368,4:20 PM,leo maecenas pulvinar,813 Northridge Crossing
139,333,12:57 AM,quisque porta volutpat,5710 Straubel Hill
475,111,3:53 AM,non lectus aliquam,136 Melrose Crossing
360,95,2:44 PM,odio cras mi,62 Darwin Avenue
249,336,1:44 PM,vivamus metus,91801 Oneill Way
103,520,4:39 PM,curabitur at ipsum,056 Florence Junction
283,165,6:03 AM,est,6483 Village Place
206,455,11:50 PM,parturient montes nascetur ridiculus mus,29 Forest Run Parkway
447,176,2:35 AM,ut,31 Bluejay Alley
173,458,3:42 AM,velit donec,105 Cherokee Road
365,354,1:33 AM,morbi ut odio,4707 Armistice Crossing
165,287,12:07 PM,convallis tortor risus dapibus,91 Ronald Regan Drive
93,475,1:00 AM,interdum,952 Gateway Circle
376,347,12:20 AM,varius nulla facilisi,0077 Alpine Plaza
406,358,9:50 PM,diam nam tristique,37149 Bowman Park
233,203,10:02 PM,id,43 Oak Valley Terrace
109,311,11:57 PM,ligula sit amet eleifend,280 Rockefeller Court
456,306,4:42 PM,leo odio porttitor id,652 Transport Center
78,524,9:26 PM,nulla suscipit ligula in,52072 Monument Way
43,514,11:42 PM,vestibulum aliquet ultrices erat tortor,325 Myrtle Avenue
423,310,5:12 PM,aliquam erat volutpat in congue,0 Gale Way
477,214,4:32 AM,sem,762 Westend Alley
272,260,4:50 AM,eget semper rutrum nulla nunc,66 Dunning Way
70,264,3:12 AM,neque duis bibendum morbi non,430 Swallow Hill
46,383,6:06 AM,nunc proin at turpis a,584 Granby Drive
25,240,11:12 AM,et tempus,2 Butterfield Park
119,237,10:05 PM,in tempor turpis nec euismod,769 Macpherson Center
369,329,1:45 PM,molestie hendrerit at,14 Meadow Ridge Trail
381,231,1:20 PM,aliquam sit amet diam,214 David Lane
72,36,10:30 AM,semper rutrum nulla,12210 Commercial Crossing
185,79,8:42 AM,sem mauris,96 Mifflin Plaza
360,222,8:34 AM,consectetuer adipiscing elit proin,4 Golf Trail
82,116,12:59 PM,posuere cubilia curae mauris,63903 Maywood Junction
148,134,11:53 PM,quam a odio,96491 Graedel Crossing
371,304,10:31 PM,vehicula condimentum,6181 International Avenue
323,365,10:53 AM,facilisi cras non velit,7 Aberg Junction
278,200,1:42 AM,augue vel accumsan tellus nisi,8 Doe Crossing Place
336,176,6:15 AM,ac nulla sed,3 Homewood Point
18,171,10:21 AM,rhoncus sed,2 Lindbergh Plaza
266,58,11:05 AM,duis faucibus accumsan odio,1 Eagan Street
244,158,5:57 AM,ut nulla,2 Burning Wood Parkway
282,362,7:27 PM,donec odio,5258 Lukken Place
214,111,5:26 AM,amet justo morbi,9 Pearson Circle
464,284,6:11 PM,potenti nullam porttitor lacus at,3451 Elka Way
473,286,11:13 PM,quam fringilla,0 Heath Alley
474,158,6:25 PM,dui,970 Warner Point
456,203,3:44 PM,id nulla ultrices aliquet,1 Waubesa Crossing
258,88,9:43 AM,sem sed sagittis,2160 Mitchell Parkway
406,164,10:30 PM,nulla suspendisse potenti cras in,2 Meadow Valley Drive
402,258,11:36 PM,est,38 Comanche Center
247,380,12:35 PM,luctus et ultrices,47387 Pleasure Terrace
216,207,11:15 AM,ornare imperdiet sapien urna,68 Sutherland Drive
343,188,5:38 PM,aenean,209 Grover Place
84,126,2:50 PM,eleifend donec,4235 Hovde Parkway
370,398,8:29 AM,quam a odio,644 Knutson Circle
90,86,11:48 AM,donec ut,5127 Oak Way
316,87,7:58 PM,rutrum,564 Almo Circle
233,43,5:49 AM,adipiscing elit proin,800 Mcguire Junction
188,88,6:39 AM,a ipsum,95946 Atwood Terrace
425,512,5:27 PM,phasellus,68190 Eagle Crest Pass
132,364,5:16 AM,volutpat erat quisque erat eros,2 Maple Wood Trail
254,280,5:13 AM,vestibulum sagittis sapien,58 Hudson Parkway
93,227,4:46 AM,accumsan odio curabitur convallis,89914 Onsgard Hill
404,529,3:54 AM,ante ipsum primis in faucibus,36 Hauk Way
338,501,10:46 PM,eu sapien cursus vestibulum,755 Burning Wood Lane
151,234,11:35 PM,cum sociis natoque penatibus et,7659 Straubel Lane
72,465,2:49 AM,mi integer ac neque duis,3 Heffernan Way
80,387,11:28 PM,scelerisque quam turpis adipiscing,532 Bunting Road
238,347,3:51 PM,nulla,464 Kinsman Alley
347,204,9:24 PM,tempor,4 Petterle Alley
27,177,11:06 AM,pellentesque,24900 Dexter Point
296,121,2:35 PM,interdum mauris,43054 Myrtle Terrace
320,40,7:47 PM,venenatis non sodales sed,4 Laurel Parkway
147,53,1:10 PM,non sodales sed,6 Stone Corner Way
153,362,10:08 PM,nisi volutpat eleifend,6 Toban Trail
327,326,9:38 PM,in quam,20 Northport Center
