firstname,lastname,hasloyalty
Clay,Mahy,true
Reine,Metzel,true
Tyrone,Ridpath,true
Keen,Plumer,true
David,Jurries,true
Magnum,Shailer,true
Rabi,Twede,true
Annadiana,Evequot,true
Syman,Somerbell,true
Justen,Barensky,true
Davita,Featherby,true
Nye,Toffler,true
Laney,Janata,true
Ashlan,Grassett,true
Adams,Leffek,true
Meggie,Macieiczyk,true
Dell,Barracks,true
Jillian,Caccavella,true
Vinnie,Cantos,true
Nickolas,Semour,true
Moll,Adshed,true
Aurilia,MacParland,true
Teri,Varey,true
Clementine,Pocock,true
Heinrik,Raithby,true
Lotta,Gillum,true
Florri,Snasel,true
Lebbie,Lapree,true
Mattias,Stenton,true
Dory,Blowick,true
Rosaline,Astlet,true
Casey,Leggon,true
Rorie,Windmill,true
Micheil,Girardin,true
Wernher,Howell,true
Justis,Kleehuhler,true
Vickie,Hudson,true
Karlyn,Yearns,true
Rriocard,Asson,true
Loy,Manssuer,true
Herby,Gatland,true
Kai,Willison,true
Joel,McNicol,true
Ricard,Stut,true
Zabrina,Jannex,true
Jenine,Motion,true
Viki,Ruprecht,true
Benedict,Drakes,true
Rafe,Dearell,true
Dita,Juzek,true
Sherie,Littlechild,true
Matti,Childerley,true
Pablo,Hanshaw,true
Buffy,Longega,true
Lane,Durman,true
Adel,Varns,true
Niel,Sinson,true
Cyb,Sturdey,true
Karlotte,Shapiro,true
Barbabas,Boydle,true
Julieta,Parfett,true
Fay,Scroggins,true
Nerissa,Filipiak,true
Mariska,Aldwick,true
Jessamine,Braidman,true
Almeda,Baudone,true
Franciskus,Fozard,true
Nikoletta,Crocombe,true
Ronny,Henze,true
Moyra,Glasbey,true
Charmain,Averay,true
Madeleine,Le Franc,true
Lidia,Laverenz,true
Harmonie,Willstrop,true
Vonni,Bollands,true
Levy,Wapplington,true
Kerry,Trenaman,true
Allx,Coping,true
Albina,Akker,true
Christalle,Crome,true
Edna,Lipman,true
Caitrin,Lockner,true
Sergeant,Powder,true
Mab,Blesli,true
Byram,Foulis,true
Marie-ann,Abbs,true
Vallie,Girdler,true
Tedd,Maidlow,true
Cassandra,Gahan,true
Corrianne,Pendrich,true
Phaidra,Gabrieli,true
Stanley,Sandey,true
Andra,Moxley,true
Gaspar,Barde,true
Allina,Dulake,true
Fidelia,Toomey,true
Giles,Tabner,true
Tabitha,Maddern,true
Eamon,Train,true
Edgard,Ellingworth,true
Hildegaard,Purdy,true
Darell,Gaynes,true
Danya,Wimbridge,true
Fred,Kasman,true
Violetta,Shewsmith,true
Lizzie,Duns,true
Connie,Jenkinson,true
Pansy,Dowdeswell,true
Ambur,Kindon,true
Rudolf,Ableson,true
Margalo,Sheilds,true
Patrizia,Remer,true
Padraig,Ianelli,true
Daisie,Forsdyke,true
Arv,Lamswood,true
Hayes,Brodnecke,true
Ulrika,Poulgreen,true
Hernando,Macbeth,true
Trevor,MacClancey,true
Olympie,Pache,true
Calvin,Neller,true
Harley,Malatalant,true
Johnna,Banishevitz,true
Spencer,ducarme,true
Ethelred,Hambidge,true
Mikey,Ireland,true
Catie,Streeten,true
Kissiah,Shalliker,true
Waylan,Joss,true
Judd,Di Ruggiero,true
Franni,Loudyan,true
Kevina,Detloff,true
Briny,DelaField,true
Elianora,Yarrington,true
Sergio,Secrett,true
Prince,Carman,true
Mellisent,Demcik,true
Celestia,Lamp,true
Cornelius,Orth,true
Cora,Djurisic,true
Bald,Attwill,true
Bernadine,McSkin,true
Arel,Oldis,true
Ange,Jecks,true
Krissie,Stennet,true
Bobinette,Worham,true
Kasey,Cardis,true
Ted,Labden,true
Yasmin,Izaks,true
Cornelia,Arnet,true
Ludovico,Petts,true
Chrystel,McGenis,true
Mable,Shaul,true
Conchita,Daldan,true
Ardyce,Burnsyde,true
Danyette,Vahey,true
Roselle,Rochford,true
Gregoire,Brocklesby,true
Billy,Hagerty,true
Dinny,D'Arrigo,true
Zaccaria,Ianson,true
Terese,Ind,true
Hillier,Tasseler,true
Torre,Creyke,true
Isabella,Moyse,true
Corty,Seakings,true
Xenos,Faucherand,true
Chevalier,Lancastle,true
Estell,O'Nion,true
Alvinia,Howsley,true
Konstantin,Mannock,true
Alejandra,Gianolini,true
Ilario,Nobles,true
Gardner,Cowcha,true
Gris,Dyhouse,true
Aharon,Prynne,true
Bryan,Ledgard,true
Nesta,Bugdale,true
Britte,Reddick,true
Shannah,Elce,true
Andris,Sutherington,true
Morton,Mabone,true
Pincus,Moody,true
Cyrill,Rockell,true
Minnaminnie,Sex,true
Mariellen,Jaggi,true
Latashia,Doudney,true
Jessika,McCollum,true
Shane,Roubert,true
Sibilla,Izzard,true
Lorry,Alten,true
Lucinda,Mantha,true
Renee,Sprowson,true
Tod,Hallen,true
Pammie,Bridgeland,true
Desdemona,Durtnall,true
Wadsworth,Shelliday,true
Ned,Gon,true
Carlynn,Mayer,true
Jonis,Cordeau,true
Mercedes,Pee,true
Daphne,Doley,true
Cross,McKillop,true
Paolina,McColgan,true
Sauncho,Cardoo,true
Krista,Cristea,true
Bailey,Melmoth,true
Laney,Anand,true
Amara,Franschini,true
Cornell,Spaughton,true
Josefina,Vickors,true
Merissa,Fursland,true
Evangelin,Latch,true
Ag,Rope,true
Augustine,Pegden,true
Basile,De Clairmont,true
Cherin,Jandak,true
Jennilee,M'cowis,true
Mei,Challenger,true
Gearalt,Couch,true
Ker,Butson,true
Viviene,Wandrach,true
Rosabel,Blonfield,true
Woodie,Schorah,true
Sonnie,Perrington,true
Arvie,Davidovitch,true
Jesse,Cuming,true
Alva,Ratnage,true
Wilmer,Cranage,true
Nels,Torricina,true
Sebastiano,Biddulph,true
Lenard,Londer,true
Thibaud,Clapperton,true
Trixie,Borres,true
Trish,Berisford,true
Gianina,Pigeram,true
Phineas,Macknish,true
Ody,Primmer,true
Miranda,Tabb,true
Felizio,Di Pietro,true
Patsy,Slinn,true
Mireille,Ely,true
Oralla,Dagnall,true
Bianka,Robertot,true
Nadya,Monan,true
Sinclare,Millward,true
Pasquale,Braiden,true
Davina,Vodden,true
Arv,Fanton,true
Franklin,Valente,true
Aguste,Willder,true
Nahum,Lotherington,true
Tabbi,Ledster,true
Lorena,Halfhyde,true
Ashby,De-Ville,true
Pooh,Nisbith,true
Lauree,Frostdicke,true
Nicolas,Baitson,true
Mylo,Beslier,true
Roxanne,Tregona,true
Gasper,Whitesel,true
Al,Casement,true
Morgan,Le - Count,true
Milty,Ducker,true
Shani,Hendren,true
Loren,Valler,true
Francyne,Louca,true
Valenka,Corgenvin,true
Layney,Cheson,true
Aggie,Garham,true
Godart,Crab,true
Rosie,Duro,true
Joice,Waudby,true
Kearney,Domenget,true
Ellery,Du Hamel,true
Kesley,Weadick,true
Selestina,Turneux,true
Lori,Morrall,true
Modestia,Davinet,true
Melosa,Dibner,true
Winslow,Farnie,true
Sela,Schafer,true
Lizzie,Neame,true
Arlina,Van De Cappelle,true
Zechariah,Lukianov,true
Missie,Matthensen,true
Crichton,Clears,true
Luce,Campbell-Dunlop,true
Krystal,Barfitt,true
Obed,Schulze,true
Bear,Capener,true
Clemmie,Sunshine,true
Minnnie,Huson,true
Theresa,Phorsby,true
Gilligan,Hardington,true
Skipton,Portsmouth,true
Aloin,Bossom,true
Oliver,Seamark,true
Gnni,Hector,true
Evvy,Bolden,true
Moina,Greatrakes,true
Justen,Ruegg,true
Cecilio,Cressar,true
Misty,McEvoy,true
Royall,Stuke,true
Emilio,Knibley,true
Owen,Ellett,true
Ryley,Kike,true
Josie,Ferri,true
Kipp,Biddlecombe,true
Rochette,Burne,true
Willette,Caplin,true
Noella,Cheesley,true
Armand,Menel,true
Gerhardt,Farfalameev,true
Charline,Legging,true
Sarette,Wigginton,true
Dieter,Burdis,true
Abbey,Weldrick,true
Carlos,Newhouse,true
Vance,Haugg,true
Federica,Nicholls,true
Mohandas,Geany,true
Thia,Clitherow,true
Garrard,Behrendsen,true
Zackariah,Boomes,true
Seamus,Swindley,true
Ferdinande,Vickers,true
Ellen,Giacomoni,true
Far,Stanner,true
Morena,Stooke,true
Westbrook,Shorten,true
Aaron,Sayre,true
Whitman,Frankcombe,true
Darryl,Tupling,true
Katie,Foxten,true
Matelda,McKimmey,true
Opaline,Lisett,true
Davon,Inston,true
Shayne,Jados,true
Hamlen,Marsie,true
Xever,Stallon,true
Siffre,Warbeys,true
Brandi,Thornton,true
Debbie,Ribbon,true
Wallis,Pottiphar,true
Jeannine,Foxall,true
Gypsy,Flanne,true
Penn,Jeanneau,true
Holly-anne,Dawby,true
Bank,Nouch,true
Brnaba,Ganny,true
Bob,Udale,true
Normy,Jacson,true
Lorant,O'Dennehy,true
Lesly,Auger,true
Jayne,Prandin,true
Adi,Baroch,true
Aura,Thresher,true
Car,Hindrich,true
Rennie,Storrie,true
Tonnie,Tomczak,true
Vincents,Kendell,true
Ced,Bellis,true
Haywood,Housley,true
Mildrid,Coalbran,true
Gertrud,Risen,true
Agnese,Sempill,true
Willard,Dare,true
Madlin,Hamal,true
Der,Aimer,true
Frederic,Padmore,true
Rogers,Bratch,true
Ricki,Barrass,true
Isidore,Newbury,true
Mag,MacDiarmid,true
Isadora,Gulc,true
Hendrik,Dansie,true
Dani,Mullins,true
Glynda,Screwton,true
Bartholomeus,Blakes,true
Melodee,Killeley,true
Marlin,Yeats,true
Jaimie,Lodge,true
Walther,Pandey,true
Dion,Guitonneau,true
Zuzana,Allenson,true
Ros,Pau,true
Berk,Enoch,true
Johannah,Mousdall,true
Adolphus,Reims,true
Jo ann,Malarkey,true
Carce,Pail,true
Kessia,Treske,true
Orelia,Halfpenny,true
Dyanne,Menear,true
Balduin,Hawkslee,true
Fredelia,Hafner,true
Fremont,Peschmann,true
Genni,Dunne,true
Wanda,Tschersich,true
Marlie,Saltsberg,true
Beverly,Rozenzweig,true
Adam,Choffin,true
Basia,Damato,true
Clari,Sandwith,true
Nikoletta,MacDaid,true
Joella,Gaskins,true
Brandi,Burnup,true
Sephira,O'Donnelly,true
Camala,Polleye,true
Phylys,Tiler,true
Lev,Geertje,true
Homere,Tenman,true
Pavel,Pavie,true
Frederique,Rotlauf,true
Jere,Blannin,true
Loren,Margerison,true
Devon,Jays,true
Woodrow,Pecha,true
Fernandina,Mursell,true
Ase,Loyley,true
Durand,Austick,true
Hewe,Hovy,true
Gerek,Hucks,true
Bryan,Pentercost,true
Reinald,Puttock,true
Cyrus,Nicklen,true
Nicky,Rawsthorne,true
Caron,Pessold,true
Belicia,Fortun,true
Kariotta,Backwell,true
Shayne,Jovovic,true
Leicester,Kavanagh,true
Donnajean,Rodolico,true
Penny,Arman,true
Wren,Macourek,true
Walker,Feathers,true
Waiter,Coon,true
Deirdre,Towll,true
Fred,Whylie,true
Flinn,Albone,true
Juliane,Linwood,true
Otis,Bossingham,true
Annice,Zebedee,true
Maureene,Padgett,true
Clemente,Northeast,true
Karen,Gladdish,true
Darbie,Donnelly,true
Sarita,Ferrettino,true
Palm,Maine,true
Marsiella,Goncalo,true
Coreen,Hanes,true
Tarra,Attwoul,true
Amalee,Kirby,true
Xerxes,Twelve,true
Hunt,Cuesta,true
Griffy,Burwood,true
Bordie,Vanyushkin,true
Rebeca,Cobon,true
Billie,Kleinhaus,true
Tandi,McGeachie,true
Claire,Eisikovitsh,true
Ingemar,McKeon,true
Hall,Epps,true
Chrisse,Boskell,true
Phylys,Roiz,true
Kiele,Sherborne,true
Tracee,Norquoy,true
Arley,Placido,true
Adora,Poulden,true
Chrystal,Langabeer,true
Melita,Ledgard,true
Marya,Mont,true
Anthia,Hallagan,true
Norrie,Jumeau,true
Mozes,Monro,true
Kakalina,Dawson,true
Leicester,Oddy,true
Evin,Grinval,true
Pammi,Pollington,true
Vivien,Amber,true
Fee,Gallant,true
Selinda,Jeyes,true
Bondy,Getsham,true
Faber,McCrostie,true
Kele,Feldklein,true
Mordecai,Orteaux,true
Wendy,Ridgedell,true
Dimitri,Goneau,true
Lenard,Pumfrett,true
Sanderson,Huggon,true
Matty,Featherby,true
Mellisent,Mulqueen,true
Osgood,Ebenezer,true
Traver,Breward,true
Elijah,Pratley,true
Sallie,Iacomi,true
Roxane,Corbett,true
Marlena,Lago,true
